module_mean_HS2,module_max_HS2,module_mean_GATA1,module_max_GATA1,module_mean_HNF4A,module_max_HNF4A,promoter_mean,promoter_max,global_mean,global_max,global_std,construct,description
0.016120733926072717,0.019024496898055077,0.00041203236711832386,0.0010625999420881271,0.046659707402189575,0.06804689019918442,0.004489393439143896,0.1875,0.004870395176112652,5.59375,0.017066486179828644,Cocktail_1kbForward,HS2→GATA1→HNF4A repeated 12x with 1 kb intra-module and 2 kb inter-repeat spacing; CTCF brackets.
0.01827888035525878,0.02058054693043232,0.00045947345400539535,0.0006296823848970234,0.052279820665717125,0.06996631622314453,0.004634767305105925,0.166015625,0.004500215873122215,4.875,0.013894468545913696,Cocktail_5kbForward,HS2→GATA1→HNF4A repeated 6x with 5 kb spacing; CTCF brackets.
0.01843164550761382,0.019499151036143303,0.0004207776510156691,0.00046671618474647403,0.05671348298589388,0.06412980705499649,0.0045180474407970905,0.1630859375,0.004259705543518066,5.125,0.012394308112561703,Cocktail_20kbForward,HS2→GATA1→HNF4A repeated 3x with 20 kb spacing; CTCF brackets.
0.017429016685734194,0.019749503582715988,0.0004471607341353471,0.0005991301732137799,0.04962539114058018,0.07307156920433044,0.004630275536328554,0.166015625,0.0045033893547952175,3.328125,0.013363556936383247,Cocktail_5kbReverseOrder,HNF4A→GATA1→HS2 reversed order repeated 6x with 5 kb spacing.
0.018209215874473255,0.020535867661237717,0.000507118966197595,0.0006931939860805869,0.05208447203040123,0.06960340589284897,0.004633998032659292,0.1689453125,0.004500390961766243,4.8125,0.013829766772687435,Cocktail_5kbAltOrientation,"HS2(+), GATA1(-), HNF4A(+) repeated 6x with 5 kb spacing to test polarity sensitivity."
0.01654227450489998,0.01933852955698967,0.0005167288734810426,0.0010607577860355377,0.055718757957220075,0.072919100522995,0.004724761936813593,0.1689453125,0.004545913077890873,2.59375,0.014045145362615585,Cocktail_CTCFSeparated,HS2→GATA1→HNF4A repeated 5x with 2 kb spacing and CTCF separators between repeats.
